,BEIR_forecast,BEIR_forecast_exc
0,2.9020240362811793,2.9069999999999996
1,2.906146485260771,2.9069999999999996
2,2.8897026077097507,2.9099999999999993
3,2.8897026077097507,2.9099999999999993
4,2.906146485260771,2.9339999999999997
5,2.9020240362811793,2.9099999999999993
6,2.8991668934240367,2.9099999999999993
7,2.9224321995464853,2.9099999999999993
8,2.9309944444444445,2.9099999999999993
9,2.8973719954648525,2.918
10,2.89656485260771,2.918
11,2.889370975056689,2.9259999999999997
12,2.89656485260771,2.9259999999999997
13,2.890134920634921,2.902
14,2.8672392290249435,2.902
15,2.867903514739229,2.902
16,2.861342403628118,2.891
17,2.8695361678004536,2.902
18,2.869343424036281,2.8850000000000007
19,2.8695361678004536,2.891
20,2.861342403628118,2.891
21,2.8669171201814057,2.891
22,2.861342403628118,2.8850000000000007
23,2.8781179138321993,2.899
24,2.8577097505668934,2.876
25,2.8789250566893423,2.886
26,2.8616740362811792,2.886
27,2.8927369614512477,2.886
28,2.8577097505668934,2.886
29,2.8616740362811792,2.886
30,2.8616740362811792,2.899
